,POWM_LOOP,seq_loop_status1.csv
grp_dut_Pipeline_READ_LOOP_fu_5385,READ_LOOP,upc_loop_status1.csv
grp_dut_Pipeline_READ_LOOP3_fu_5392,READ_LOOP,upc_loop_status2.csv
grp_dut_Pipeline_READ_LOOP4_fu_5399,READ_LOOP,upc_loop_status3.csv
grp_dut_Pipeline_VITIS_LOOP_14_1_fu_5406,VITIS_LOOP_14_1,upc_loop_status4.csv
grp_divide_fu_5412,ZERO,seq_loop_status2.csv
grp_divide_fu_5412,SEARCH,seq_loop_status3.csv
grp_divide_fu_5412,DIVIDE,seq_loop_status4.csv
grp_divide_fu_5412.grp_divide_Pipeline_NORMALIZE_fu_2815,NORMALIZE,upc_loop_status5.csv
grp_divide_fu_5412.grp_divide_Pipeline_SHIFT_fu_2822,SHIFT,pp_loop_status1.csv
grp_divide_fu_5412.grp_divide_Pipeline_SHIFT5_fu_2838,SHIFT,pp_loop_status2.csv
grp_divide_fu_5412.grp_divide_Pipeline_PARTIAL_fu_2864,PARTIAL,pp_loop_status3.csv
grp_divide_fu_5412.grp_divide_Pipeline_COMPARE_fu_2878,COMPARE,seq_loop_status5.csv
grp_divide_fu_5412.grp_divide_Pipeline_ADJUST_fu_2889,ADJUST,upc_loop_status6.csv
grp_operator_mul_fu_5426.grp_operator_Pipeline_OUTER_INNER_fu_371,OUTER_INNER,upc_loop_status7.csv
grp_operator_1_fu_5440.grp_operator_1_Pipeline_OUTER_INNER_fu_369,OUTER_INNER,upc_loop_status8.csv
grp_dut_Pipeline_WRITE_LOOP_fu_5446,WRITE_LOOP,upc_loop_status9.csv
