,AESL_inst_dut,,module_status1.csv
,grp_dut_Pipeline_READ_LOOP_fu_5385,,module_status2.csv
,grp_dut_Pipeline_READ_LOOP3_fu_5392,,module_status3.csv
,grp_dut_Pipeline_READ_LOOP4_fu_5399,,module_status4.csv
,grp_dut_Pipeline_VITIS_LOOP_14_1_fu_5406,,module_status5.csv
,grp_divide_fu_5412,,module_status6.csv
grp_divide_fu_5412,grp_divide_Pipeline_NORMALIZE_fu_2815,,module_status7.csv
grp_divide_fu_5412,grp_divide_Pipeline_SHIFT_fu_2822,,module_status8.csv
grp_divide_fu_5412,grp_divide_Pipeline_SHIFT5_fu_2838,,module_status9.csv
grp_divide_fu_5412,grp_divide_Pipeline_CLEAR_UPPER_fu_2854,,module_status10.csv
grp_divide_fu_5412,grp_divide_Pipeline_PARTIAL_fu_2864,,module_status11.csv
grp_divide_fu_5412,grp_divide_Pipeline_COMPARE_fu_2878,,module_status12.csv
grp_divide_fu_5412,grp_divide_Pipeline_ADJUST_fu_2889,,module_status13.csv
grp_divide_fu_5412,grp_divide_Pipeline_REM_fu_2899,,module_status14.csv
grp_divide_fu_5412,grp_divide_Pipeline_SHIFT6_fu_2911,,module_status15.csv
,grp_operator_lt_fu_5420,,module_status16.csv
,grp_operator_mul_fu_5426,,module_status17.csv
grp_operator_mul_fu_5426,grp_operator_Pipeline_OUTER_INNER_fu_371,,module_status18.csv
,grp_dut_Pipeline_SHIFT_fu_5433,,module_status19.csv
,grp_operator_1_fu_5440,,module_status20.csv
grp_operator_1_fu_5440,grp_operator_1_Pipeline_OUTER_INNER_fu_369,,module_status21.csv
,grp_dut_Pipeline_WRITE_LOOP_fu_5446,,module_status22.csv
